,relax,spring_constant,random_strength,iterations,runningtime,Distance metric,Fractional length,0 points,1 points
0,False,25,5.0,100,13.93524980545044,327568.0873962954,764.1732415762118,"[[18.29191391  2.14030014]
 [ 7.65158178  6.58455338]
 [21.11345627 21.20523886]
 [26.29838607  3.46338145]
 [15.30069368  3.27728633]
 [ 5.28371483 16.60868661]
 [ 1.9470224   6.75455132]
 [19.75537804 18.01130811]
 [ 7.13978376 17.83802169]
 [23.43315826  1.68320034]
 [22.76552876 20.41013267]
 [ 8.85447527  5.20653189]
 [26.58615414 11.80950414]
 [ 0.98632008  2.09394431]
 [25.12245516 17.7674434 ]
 [23.27543776 21.90739221]
 [15.98610875 29.42968341]
 [11.32284561 13.4593397 ]
 [24.63354754 20.21387397]
 [25.09679928 15.3073013 ]
 [21.49006901  1.31176915]
 [ 6.73928393  9.81591978]
 [ 3.42871567  8.13654322]
 [ 3.19962369  9.95004885]
 [21.04269685 12.23148298]
 [ 9.20729989  7.14623971]
 [ 7.72749763 28.77137977]
 [21.23955854 19.38350725]
 [ 4.77955348 20.79204458]
 [ 4.30304138 12.67420316]
 [29.77114459 20.40051518]
 [14.78834031 20.37608712]
 [25.29643513 22.05740571]
 [ 7.14306808  1.47016726]
 [ 9.79434656  9.34798909]
 [ 5.98917848 29.72902517]
 [25.02082306 11.62569359]
 [21.52515255 13.80191545]
 [26.13463636 13.90762162]
 [ 8.10615765  8.49340292]
 [16.34729109  5.25624307]
 [17.8206048  25.95122529]
 [11.13323382  7.90729196]
 [28.46932191 13.17433826]
 [ 2.62044654  1.23643259]
 [ 4.18234972 18.42528291]
 [22.96654698 12.63005874]
 [ 2.83456226 11.61760375]
 [29.84578009 14.12670292]
 [29.4430973  25.60934859]
 [ 1.14855174 20.71454699]
 [20.89587803 15.7691354 ]
 [ 7.75653194 19.79961415]
 [ 6.88183954 15.53062022]
 [14.01975866 29.84679947]
 [26.23630533  9.9674195 ]
 [17.0730842   3.40546887]
 [27.539249   24.58378205]
 [ 9.76168333 20.23721072]
 [18.73244126  4.24963454]
 [23.19359887 14.79621028]
 [24.54372729 13.6771061 ]
 [ 1.65972059  8.87055672]
 [ 1.74568454 29.32484794]
 [27.21194478 22.91191206]
 [ 8.89127026  0.51312061]
 [27.85730318 26.61300878]
 [ 4.39158994 14.56391713]
 [ 2.80483215 21.61915774]
 [20.13634856  2.90609346]
 [14.80418448 15.39999976]
 [ 7.81858385 25.97331103]
 [10.79736448  5.91254366]
 [14.76043942 22.50208771]
 [ 4.81994536 10.92421472]
 [29.08464634 22.23081266]
 [12.84164451 14.60689467]
 [ 4.57447655  6.73411936]
 [ 9.00667122 18.59707718]
 [ 6.3618414   7.66825699]
 [ 2.93090882 19.69542804]
 [ 5.67100316 25.49101247]
 [25.61635019  1.73175451]
 [ 6.0387099  19.26212019]
 [ 6.1515717   5.42830035]
 [26.50338527 16.48360618]
 [13.01066645 21.24567669]
 [24.76136448  6.80750335]
 [ 1.21741071 10.71870072]
 [12.87541937 12.59035315]
 [19.29646106 20.01201692]
 [27.6941959   1.98101363]
 [11.18304718 11.4574986 ]
 [26.31400681  7.71457462]
 [ 5.87359263 13.58603316]
 [11.98788279  9.58909606]
 [ 6.48733581 27.49886551]
 [12.98435977 23.20634253]
 [16.33455378  1.55951373]
 [29.21161963 23.93214282]
 [29.47920723 27.67067822]
 [26.15444677  5.3099494 ]]","[[16.05000734  8.39793151]
 [12.11077833  3.09100481]
 [12.71908848 27.73653873]
 [ 9.06442456 24.17347483]
 [15.66070363 11.79200074]
 [27.56700484 28.37225834]
 [17.35282392 22.20059631]
 [ 4.88243278  8.92107319]
 [29.83012776 18.4464144 ]
 [16.79557842 24.12499097]
 [ 2.15752679 17.64230557]
 [14.44694647 24.4595094 ]
 [ 3.91536041 28.9226101 ]
 [ 2.98785557  3.25877778]
 [17.45175324 20.17651294]
 [ 6.58609864  3.60993038]
 [28.28309329  8.23499043]
 [16.87374649 18.02703758]
 [13.10795004 17.24933812]
 [14.7912358  27.61156339]
 [ 6.59820531 21.76089756]
 [ 7.86889413 13.30171171]
 [19.50975907  8.26314861]
 [10.43557141 22.5091813 ]
 [ 0.185079   14.17078592]
 [28.54659609 30.        ]
 [ 3.15856257  5.21331934]
 [ 9.16893945 27.31826825]
 [26.07448055 27.38575001]
 [10.20199844  3.94621639]
 [26.38810863 19.32266771]
 [16.74685076 27.4157257 ]
 [19.27953773  0.39319411]
 [24.39917689  9.91098963]
 [20.78730603 27.18341786]
 [ 4.75957858  2.23738618]
 [ 3.15822519 16.08769174]
 [ 8.86481358 16.49887901]
 [21.61321466  5.03561339]
 [16.93781893 10.18985258]
 [15.81520575 25.91115606]
 [24.51212101  3.85895029]
 [14.92412139  6.96549036]
 [ 1.09334695 24.81181846]
 [20.46417294  6.67565742]
 [22.01531855 17.54106747]
 [12.1866347   1.24041975]
 [ 3.09344367 25.18251075]
 [27.76132392 15.00922613]
 [23.60839413 16.78296002]
 [ 4.85872878  4.08904717]
 [ 9.90327579 25.86267924]
 [23.07615316 25.62359523]
 [28.22368438  6.11724086]
 [ 8.61504918  3.02127433]
 [22.57697642 27.5854156 ]
 [11.22670176 18.42800349]
 [ 3.76359936 26.9176918 ]
 [25.81645708 29.38170874]
 [24.19515766 28.64668493]
 [ 0.90098986 22.80614366]
 [10.85801469 27.75460525]
 [25.28863792 25.433252  ]
 [23.09069805  8.32895029]
 [22.4916418   3.62544722]
 [24.31750804 26.95882299]
 [ 7.14387919 23.67553924]
 [14.93504276 10.20825019]
 [22.29235126  6.7740019 ]
 [ 1.48772912  4.31714828]
 [11.83213001 26.02077761]
 [29.97705124  9.03489769]
 [17.61854846 11.73655861]
 [28.79815209 16.68250543]
 [28.13023523  4.13087973]
 [29.71734949  5.17622596]
 [29.9312271   7.14767324]
 [ 2.4039835  14.16987997]
 [22.3245069  10.36294102]
 [17.02067663 13.67146121]
 [10.94400659 16.52417991]
 [ 8.52540006 22.19556692]
 [ 1.90371726 26.92941834]
 [13.07341052 19.27596494]
 [23.38131927 18.63075115]
 [10.45697119  2.06459827]
 [20.40227485 10.03455259]
 [11.15397415 24.20113944]
 [21.28678905  8.33566387]
 [ 9.69875701 12.59264886]
 [ 8.31294825 11.09335395]
 [ 6.4968788  11.88562752]
 [27.76277414 20.41746487]
 [28.03488813 18.34836424]
 [ 9.48400303 14.79017729]
 [ 0.087929    7.87396286]
 [14.89619923 18.25282574]
 [19.20672425 12.65528686]
 [14.03065125  8.45832875]
 [13.81444241 25.96521803]
 [23.48320589  5.45065183]
 [ 1.27963821 15.98431739]
 [18.70527022 10.15281898]]"
1,False,25,5.0,11,13.93524980545044,335741.0645951541,1288.4859223688866,"[[18.57758283  1.77998993]
 [ 8.24297662  5.99998435]
 [21.59650457 22.31209604]
 [27.19280035  2.68067537]
 [13.83644331  1.85690008]
 [ 6.47293814 15.58418499]
 [ 0.5661572   6.59130366]
 [18.91018406 16.46803244]
 [ 5.97818491 17.96171267]
 [23.88046247  0.37625731]
 [22.51739346 20.6396753 ]
 [ 9.23829363  4.35562466]
 [28.5939103  11.14874056]
 [ 1.67873616  2.8820517 ]
 [25.8070178  18.77734986]
 [23.68661896 22.45736887]
 [15.90449224 30.        ]
 [11.08945477 15.17720883]
 [24.25406994 20.10010914]
 [25.50899326 16.73286055]
 [21.40521011  1.53763009]
 [ 6.63826812  8.6221683 ]
 [ 2.18784954  7.75192352]
 [ 3.3803907   9.51629836]
 [18.98296712 11.49307811]
 [10.14994121  6.10473826]
 [ 9.47496562 29.84657321]
 [19.8963848  18.15779061]
 [ 3.99958907 21.18091833]
 [ 4.01232467 11.35465838]
 [29.42664736 19.34707393]
 [16.09391225 19.9987656 ]
 [25.41927937 23.70020571]
 [ 7.1031971   1.23764446]
 [ 9.97106335  7.81982168]
 [ 6.40868933 29.06898007]
 [26.51477653 10.69514097]
 [20.9061947  12.26336221]
 [27.37421504 12.89472756]
 [ 8.20259851  7.7563479 ]
 [17.31771515  6.71831434]
 [17.74667959 27.02915057]
 [11.50860307  7.6259977 ]
 [29.40356114 13.49199876]
 [ 2.65198604  1.07555334]
 [ 4.08358095 19.1152522 ]
 [23.59840063 13.05663239]
 [ 1.95317864 10.89922881]
 [30.         15.28773306]
 [29.38070721 26.10778263]
 [ 0.17437678 20.36278048]
 [20.59096007 15.95262829]
 [ 7.70975326 19.19065287]
 [ 6.95064707 13.44547098]
 [13.95961985 29.08310652]
 [25.69869002  8.75465842]
 [16.17860318  3.72200942]
 [27.89911683 26.60842509]
 [ 9.73855173 20.0948631 ]
 [18.0543389   4.72141253]
 [22.34340207 15.04195624]
 [24.77504674 14.84264513]
 [ 0.37035967 10.24407337]
 [ 1.72083114 28.47099932]
 [27.67921349 23.66521167]
 [ 8.97879103  0.77862961]
 [27.35750933 28.33190991]
 [ 3.16294936 14.32650241]
 [ 2.85002878 22.88183027]
 [21.79917153  3.30655403]
 [14.69345698 15.83655364]
 [ 7.48001458 25.42514629]
 [12.22257177  5.7839685 ]
 [15.52283721 22.40517468]
 [ 5.76449906 10.25001159]
 [30.         21.15143177]
 [12.94357188 15.47039107]
 [ 4.42642994  6.94288485]
 [ 9.41821838 18.377217  ]
 [ 6.44538227  6.94344188]
 [ 2.15221507 19.708078  ]
 [ 5.57794078 25.78681469]
 [25.82555263  1.2257185 ]
 [ 5.79289598 19.96608042]
 [ 6.03188598  5.29534502]
 [26.96545653 17.30419103]
 [13.64869861 23.25469817]
 [24.64423683  5.35169784]
 [ 0.5381882  11.94483635]
 [12.35037174 13.70677512]
 [20.5992564  20.32084167]
 [29.31031221  2.70399089]
 [12.24080584 11.58677325]
 [25.74692846  6.82978848]
 [ 5.10692984 13.71277099]
 [12.00685004  9.48021697]
 [ 6.65020746 27.16998985]
 [13.0757718  25.13024373]
 [16.34744855  1.66751863]
 [29.67811414 24.06482121]
 [29.37591013 27.88577974]
 [26.38925716  4.54744479]]","[[1.52395282e+01 7.67033763e+00]
 [1.25224440e+01 3.27638260e+00]
 [1.17110691e+01 2.93491325e+01]
 [8.02958164e+00 2.33676576e+01]
 [1.43152249e+01 1.21939374e+01]
 [2.80221269e+01 3.00000000e+01]
 [1.83313882e+01 2.18977814e+01]
 [4.72503003e+00 8.61553709e+00]
 [2.99961457e+01 1.75818805e+01]
 [1.69616768e+01 2.44633681e+01]
 [1.34281515e+00 1.75632219e+01]
 [1.48525050e+01 2.49812190e+01]
 [4.48888224e+00 2.95444928e+01]
 [2.56037225e+00 4.24776729e+00]
 [1.84181081e+01 1.97176457e+01]
 [7.17478246e+00 3.73790133e+00]
 [2.72379426e+01 7.96854020e+00]
 [1.72196066e+01 1.78563904e+01]
 [1.28094651e+01 1.77062557e+01]
 [1.65075344e+01 2.83255927e+01]
 [6.37682294e+00 2.21220705e+01]
 [7.76211660e+00 1.14594031e+01]
 [1.98093362e+01 8.21729009e+00]
 [9.72170068e+00 2.27707409e+01]
 [7.69896529e-01 1.39192697e+01]
 [3.00000000e+01 3.00000000e+01]
 [2.22540431e+00 5.99884286e+00]
 [8.50968948e+00 2.80801981e+01]
 [2.57218057e+01 2.69342348e+01]
 [1.11024307e+01 4.41289160e+00]
 [2.61350425e+01 2.08654091e+01]
 [1.83292266e+01 2.93157832e+01]
 [1.99244346e+01 1.87334548e-02]
 [2.42559643e+01 1.00323818e+01]
 [2.01887685e+01 2.84756859e+01]
 [3.92182955e+00 2.86597403e+00]
 [3.25806818e+00 1.69100172e+01]
 [7.95492361e+00 1.71468434e+01]
 [2.13638424e+01 4.97876132e+00]
 [1.64330121e+01 9.50921008e+00]
 [1.56137711e+01 2.65205280e+01]
 [2.49662564e+01 3.17671578e+00]
 [1.48951565e+01 5.93235363e+00]
 [4.32975374e-01 2.45461861e+01]
 [2.05026225e+01 6.64571629e+00]
 [2.20782272e+01 1.72941337e+01]
 [1.34098510e+01 0.00000000e+00]
 [2.52931982e+00 2.65730706e+01]
 [2.69697601e+01 1.53602307e+01]
 [2.35601560e+01 1.64009797e+01]
 [4.30217664e+00 4.91897068e+00]
 [9.23493791e+00 2.62843845e+01]
 [2.27554832e+01 2.42986158e+01]
 [2.75272928e+01 6.05564220e+00]
 [8.46565075e+00 2.27358850e+00]
 [2.23328079e+01 2.78569428e+01]
 [1.18930005e+01 1.92349095e+01]
 [4.18401258e+00 2.74203244e+01]
 [2.59686530e+01 2.93796133e+01]
 [2.43944507e+01 2.81938480e+01]
 [8.36866125e-01 2.21996932e+01]
 [1.04563657e+01 2.79148477e+01]
 [2.65127424e+01 2.51390580e+01]
 [2.36426935e+01 7.82923235e+00]
 [2.34434385e+01 2.46896179e+00]
 [2.39947432e+01 2.59085562e+01]
 [6.19585156e+00 2.39736555e+01]
 [1.43365133e+01 9.63223937e+00]
 [2.24448321e+01 6.62259867e+00]
 [4.97840827e-01 4.36407968e+00]
 [1.11388022e+01 2.62272807e+01]
 [2.90127634e+01 9.04162574e+00]
 [1.78698449e+01 1.30945855e+01]
 [2.85555882e+01 1.64492875e+01]
 [2.83780258e+01 4.30447333e+00]
 [2.99638892e+01 5.36583566e+00]
 [2.91364467e+01 6.91493617e+00]
 [2.30775315e+00 1.28482212e+01]
 [2.26964491e+01 1.00103726e+01]
 [1.77899892e+01 1.50124417e+01]
 [1.08672966e+01 1.71072997e+01]
 [8.36361156e+00 2.16150856e+01]
 [4.36463313e-01 2.67621912e+01]
 [1.39945600e+01 2.02525514e+01]
 [2.39641985e+01 1.82521057e+01]
 [1.05228308e+01 2.61218337e+00]
 [2.05991973e+01 1.01222133e+01]
 [9.70922646e+00 2.47668248e+01]
 [2.16737879e+01 8.24544594e+00]
 [9.62683243e+00 1.20638834e+01]
 [9.22717001e+00 9.91656143e+00]
 [5.95721828e+00 1.20722253e+01]
 [2.81029732e+01 2.09358787e+01]
 [2.76481944e+01 1.88729553e+01]
 [9.18543547e+00 1.58459395e+01]
 [1.68779829e-01 8.53276134e+00]
 [1.45384238e+01 1.83711039e+01]
 [1.95264158e+01 1.39139319e+01]
 [1.34470867e+01 7.44512487e+00]
 [1.34148360e+01 2.72584050e+01]
 [2.31840835e+01 4.60573269e+00]
 [1.88252013e+00 1.55947185e+01]
 [1.86138639e+01 9.59015531e+00]]"
2,False,25,10.0,100,14.28234314918518,317965.96575008205,2807.916272525962,"[[24.0339321  22.2260611 ]
 [22.12068411  8.99211613]
 [ 7.78935808  0.        ]
 [ 5.53710269 13.20967727]
 [25.74698335  1.88931007]
 [10.82650644 18.50077099]
 [ 4.78141679 22.80794162]
 [13.62847396  6.25634115]
 [19.35982897  0.46384275]
 [23.32246678 24.17268732]
 [ 2.43101125  9.74800349]
 [ 6.4522473  27.80823174]
 [18.26704745  1.60348585]
 [ 6.37592197 26.06247108]
 [13.17170237 24.48413051]
 [21.76744629 29.43069364]
 [17.08822641 28.73154769]
 [27.00959139 20.25987414]
 [21.75068414 14.96148042]
 [23.52212019 15.01073107]
 [27.24538615 22.36745488]
 [13.24922531  8.05157986]
 [ 7.856912   17.50488197]
 [23.11481967 12.9364658 ]
 [20.7116393   9.97474407]
 [ 2.24484187  7.81714885]
 [ 9.44905696  9.10898315]
 [19.2821959   3.84351841]
 [ 7.51097137 19.43448141]
 [21.09731159  0.40867635]
 [12.12879313 16.84572605]
 [11.35934747  6.25816652]
 [11.07805378 25.92211552]
 [17.57962256 23.05262856]
 [25.53443662 23.64001925]
 [10.16258227  0.38258876]
 [10.87264506 21.21117766]
 [25.68393604 29.72943074]
 [10.7448551  23.30262383]
 [14.0694234  17.67172099]
 [ 8.0311451   7.86312699]
 [12.15926593  0.54692715]
 [12.23132213 20.21414888]
 [11.47352609  3.66933928]
 [12.82800098  4.03871685]
 [20.21523258  2.22832795]
 [ 9.4327537  16.88331265]
 [ 0.24229828 20.65915874]
 [ 4.30605778 11.56459437]
 [ 0.80073421  9.64226471]
 [ 6.05804152  8.18306129]
 [24.24379537 11.62573608]
 [22.73846242 25.63248471]
 [ 8.94929592  1.72122677]
 [ 0.20820705 18.47516637]
 [28.6387098  10.6685141 ]
 [19.34666632 23.90312048]
 [20.48447389 22.48781788]
 [27.30916215  7.40057327]
 [ 1.43833064  6.1939405 ]
 [ 5.34243093 20.27094281]
 [15.22570998  6.93209456]
 [22.12703831 22.57396179]
 [ 6.55840001 18.31380631]
 [24.75500326  3.46796403]
 [24.43306551 27.93539308]
 [ 1.50668641  1.28186458]
 [ 9.40863821 18.85346896]
 [26.35485283 10.74779489]
 [21.76415737  2.50065442]
 [19.32626103 19.81054716]
 [ 4.21036111 24.89226919]
 [25.63080885 21.1619371 ]
 [ 4.63311598 29.11225264]
 [25.04984339  9.49630797]
 [12.18507628  9.46027752]
 [14.13987062  9.85557382]
 [24.70353834 25.93379124]
 [ 4.43142443 26.76040323]
 [20.92227838 24.39639867]
 [21.70997048 11.49125854]
 [23.92266028 29.32942846]
 [ 7.47096582 24.7794821 ]
 [19.5931811  13.53971492]
 [12.3718163  22.19277946]
 [ 8.0426818  26.78659017]
 [26.78473442  3.50572448]
 [27.22658723  9.16311803]
 [12.73689033 18.67682143]
 [10.8101094   2.15474016]
 [25.45983752  5.27023777]
 [ 5.43541793 24.74205051]
 [ 9.27405123 24.57591179]
 [23.21938964 10.5392326 ]
 [ 2.51161174 26.2042799 ]
 [ 3.0515119  23.11504497]
 [14.43466938 22.69298954]
 [18.37976141 21.76346451]
 [14.89311961 24.25962881]
 [ 0.74937584  7.65511994]
 [19.58590609 11.46276627]
 [21.32188097 13.09845461]]","[[15.15067959 12.91044516]
 [23.2691682   7.35546092]
 [23.23368092  5.21851264]
 [ 6.9462681   3.90383244]
 [ 5.46807932  4.01818651]
 [15.95295831 21.76191076]
 [ 4.52985932  5.76972283]
 [17.41094071 19.82984995]
 [29.93956057 14.75443816]
 [ 9.23010233  3.62786644]
 [ 4.37493543  7.5669845 ]
 [ 5.2606129   0.81138051]
 [16.24369899  9.34202274]
 [29.97084693 16.67093462]
 [21.98131405  4.44306273]
 [27.88388919 14.28202611]
 [26.72068469 17.44208143]
 [13.76480325 14.78298072]
 [ 5.86812636  2.56444556]
 [29.19049893 12.79651648]
 [26.75027103 12.56666377]
 [ 2.46058753 18.10604286]
 [ 3.44196339  4.44082754]
 [17.55085371  9.85802217]
 [29.29604177  4.09342183]
 [23.57292302 18.25426242]
 [24.79656126  7.47841643]
 [15.64486802 15.0012178 ]
 [13.80005553 27.10678281]
 [29.25215552  7.82594672]
 [19.02155343 18.26160109]
 [21.99766807 27.68127553]
 [ 6.56850592  6.14217013]
 [19.89837051  5.45189286]
 [ 3.92738769  2.27183262]
 [ 1.53094876 15.3125061 ]
 [19.08726599  8.48940171]
 [ 7.11658513 23.08495982]
 [19.80531639 15.63250858]
 [20.05691535 28.3074426 ]
 [25.14804245 19.17348615]
 [18.75502536 27.35794568]
 [16.10673781 16.54526864]
 [17.48939719 25.75995624]
 [23.67503314  2.33016564]
 [ 4.69615798  9.53563168]
 [20.37175455 17.45447853]
 [ 7.84443928  5.25950789]
 [21.7210086  20.16021098]
 [28.43087261 15.79917776]
 [15.92226649  1.03681167]
 [ 2.98151852 13.63135423]
 [ 9.99171345  5.00067615]
 [ 1.60143819 29.81677827]
 [24.88078329 16.78922176]
 [27.37689033 28.32695469]
 [20.70169149  7.48066647]
 [ 0.         23.9095061 ]
 [15.85268184 19.43873521]
 [27.78002409  5.61661897]
 [16.97063265 18.28290242]
 [14.94503021  4.75586561]
 [ 9.7729355  11.13400288]
 [20.35711174 26.38260071]
 [ 9.14684231 21.00340199]
 [ 9.57400155 29.44248482]
 [22.56103054 16.82963855]
 [10.95046176  8.10943391]
 [10.70230563 27.52241336]
 [11.93330544 14.54857796]
 [28.34395616 18.21227002]
 [16.84673777 13.6471117 ]
 [ 7.2385171  11.34477303]
 [21.82105199 18.67666749]
 [21.81403166  6.29361203]
 [15.01416097 28.26754858]
 [14.08673936 20.83761504]
 [ 2.37568194 27.84898656]
 [18.73064198  6.76122959]
 [ 3.68386589 15.82722228]
 [16.65540457  3.23587289]
 [29.43364892 28.55964393]
 [14.62839543  3.06850342]
 [25.49787256 14.4585862 ]
 [18.37243083 16.54589013]
 [ 8.81945358 23.10014872]
 [29.90544984  5.95471654]
 [17.23008183 12.29750368]
 [26.85711516 15.94034267]
 [26.50584294 26.91949253]
 [ 7.29159292 21.30738766]
 [12.82653904 28.87690842]
 [15.56353613 26.79298264]
 [ 9.47539787  7.14146709]
 [14.2240953  30.        ]
 [17.31686102  5.26915871]
 [15.63412967 11.30761292]
 [17.60635564 15.26876726]
 [13.14230475 12.95721841]
 [ 2.44978544 19.99833429]
 [17.53617558  8.12411869]
 [23.48553389  0.46330796]
 [23.48659734 20.07215629]]"
3,False,25,10.0,11,14.28234314918518,317550.9756940664,833.4869077778039,"[[24.64775224 22.19073403]
 [21.05661328  7.70977814]
 [ 6.58295891  0.13542263]
 [ 6.6004054  14.16058263]
 [26.88178128  2.04042381]
 [12.06304211 18.70439819]
 [ 5.71042335 21.5046567 ]
 [15.00970199  6.43404084]
 [19.65950832  0.        ]
 [23.04112819 23.16583524]
 [ 3.08689619 11.91378719]
 [ 5.60389991 27.77452145]
 [16.63178502  1.00148939]
 [ 6.38490512 26.21195684]
 [13.33006657 24.28577536]
 [20.06360914 29.7788811 ]
 [17.61258008 27.9837618 ]
 [26.95398301 19.20501491]
 [23.0083193  13.20416587]
 [24.04471551 16.55698476]
 [26.58283834 21.89406843]
 [13.70495771  7.70336423]
 [ 7.56957649 17.14673894]
 [24.42172715 14.73164195]
 [20.5418992   9.07997166]
 [ 2.22085803  8.72300808]
 [ 8.18284717 10.5864493 ]
 [16.50270865  4.22051803]
 [ 7.61388629 19.49978775]
 [20.89250722  1.3792048 ]
 [12.08428327 16.43033079]
 [12.75394838  6.29408606]
 [11.614859   26.14075587]
 [18.66903603 21.16526762]
 [26.20529035 23.52593813]
 [10.53183739  0.        ]
 [10.47832959 23.10127399]
 [26.03143267 29.04848008]
 [11.48751097 24.33351918]
 [16.06373675 18.38154938]
 [ 8.67910827  6.67361234]
 [12.74711013  0.98874681]
 [11.59563867 20.73085722]
 [11.19913228  4.92185116]
 [13.53255447  5.08444837]
 [18.49943485  1.87888038]
 [10.47965122 17.64311189]
 [ 0.06114433 19.83810629]
 [ 4.20126265 13.79876507]
 [ 1.45514217 10.92686952]
 [ 6.76198641  8.89654243]
 [23.02448325 11.62486093]
 [22.29641816 25.08180927]
 [ 7.72040793  1.80628984]
 [ 0.26381285 15.59881501]
 [30.         10.58386167]
 [17.99101034 23.64259043]
 [19.79056654 22.67391492]
 [28.4492224   5.54456428]
 [ 0.59916277  5.23349341]
 [ 4.54014344 19.66756626]
 [16.64750175  5.67781527]
 [21.03689689 23.78672516]
 [ 6.15342814 18.43487664]
 [24.14997595  3.77204959]
 [24.15590101 28.75290668]
 [ 2.95572103  0.61422107]
 [ 9.78908588 19.13874255]
 [28.8771523  12.43809748]
 [21.97761683  3.17350902]
 [20.40823585 18.34966535]
 [ 4.16413078 22.5162448 ]
 [25.51432399 20.47598238]
 [ 3.92917762 30.        ]
 [23.73307979  9.94861774]
 [12.55961177  9.99713278]
 [14.23825569  9.46112509]
 [24.27777576 24.40051899]
 [ 3.47514978 26.59181981]
 [19.92510093 24.42619013]
 [21.40328041 12.34648932]
 [22.56780458 29.99311389]
 [ 7.78232416 25.13651751]
 [16.9038096  15.30307745]
 [12.96186069 22.68356607]
 [ 8.29599203 26.75235213]
 [25.44657519  3.49546641]
 [27.35164427  7.29004414]
 [13.80997432 17.54867024]
 [11.06056257  2.20207018]
 [25.25827174  5.51346922]
 [ 5.67312203 24.38135385]
 [ 9.83318601 25.48173072]
 [22.02565041 10.27499904]
 [ 1.26401529 26.78881838]
 [ 1.66232347 21.59691797]
 [14.48542755 22.37710957]
 [19.60613011 19.77675951]
 [15.15975192 23.98849896]
 [ 2.01162019  6.62313484]
 [20.12343768 11.42198801]
 [18.56773316 14.12695942]]","[[15.02893946 13.01898445]
 [22.47804211  8.60160363]
 [22.76753338  6.31818095]
 [ 7.37008749  3.95360194]
 [ 5.65418941  3.85999661]
 [16.40081536 22.18165298]
 [ 4.76535239  5.83321531]
 [16.50300291 20.49150568]
 [29.82881535 15.54259371]
 [ 9.49469365  2.8898228 ]
 [ 4.93560548  7.67469096]
 [ 5.04076997  0.61377856]
 [15.74376856  8.69336958]
 [29.39436994 17.42264495]
 [20.50161589  3.09587536]
 [27.1723698  14.22313098]
 [27.48439658 17.17985297]
 [13.68707016 13.72889365]
 [ 6.07629423  2.24490638]
 [29.05922119 14.41184388]
 [24.7277335  12.14284445]
 [ 2.29299326 18.70820295]
 [ 3.11731876  4.24532989]
 [16.81694467  9.93398126]
 [28.9758958   3.93369572]
 [23.21175904 17.8065859 ]
 [24.18346739  7.48974127]
 [14.85723892 14.64085268]
 [14.12185191 26.34463786]
 [29.95686055  8.47213751]
 [18.78371558 17.5187958 ]
 [23.04897764 27.02452231]
 [ 6.92056424  6.24326477]
 [19.31308323  4.40767064]
 [ 3.85089762  2.56849689]
 [ 0.0836833  13.7470231 ]
 [18.51485049  9.63359007]
 [ 6.73561414 22.99591714]
 [21.32198054 14.25608439]
 [21.46946063 28.37548001]
 [24.10923087 19.40185758]
 [19.35223829 28.06839144]
 [15.16206298 16.049988  ]
 [18.63094157 26.31681774]
 [24.25699688  1.46553527]
 [ 3.98037358  9.64496455]
 [21.95017263 17.44392992]
 [ 9.65006368  4.78333073]
 [20.80324028 20.94551954]
 [27.93287836 15.85559807]
 [14.9335255   1.03019282]
 [ 1.84605581 12.42381679]
 [10.97532387  6.82481215]
 [ 1.84745187 29.15922809]
 [25.5105321  17.75313474]
 [28.30994174 28.19261327]
 [19.33360646  7.18579291]
 [ 1.12146499 23.8498423 ]
 [14.92635993 18.91218141]
 [26.8418145   4.64294476]
 [17.9849404  19.36053024]
 [14.83010059  2.67442678]
 [10.55443092  9.74947326]
 [20.93768382 26.90013596]
 [ 9.75156994 21.26567137]
 [ 8.89853175 29.23713395]
 [22.41188196 15.73001669]
 [11.88099857  8.07805465]
 [10.53246264 29.45369562]
 [11.81426256 13.98333216]
 [29.09435089 19.63076318]
 [16.88097127 13.45069369]
 [ 5.74388422 10.37015751]
 [22.00375587 19.30600567]
 [21.3031446   5.29715277]
 [15.97227347 27.35874294]
 [13.55415017 20.7489766 ]
 [ 3.21467125 28.40565699]
 [18.38544237  5.84418932]
 [ 4.47379233 15.681922  ]
 [16.56422952  2.71389918]
 [30.         27.6637055 ]
 [12.62718498  3.44984472]
 [25.91489353 13.98004858]
 [19.98726296 16.28041833]
 [ 8.81906051 23.80130171]
 [29.90479629  6.28263804]
 [17.24318208 11.64381435]
 [26.14016197 15.9628721 ]
 [26.62113155 26.21087755]
 [ 8.46734758 22.46790511]
 [12.99615789 28.56363525]
 [16.14162956 25.23596359]
 [ 8.86420911  8.69142393]
 [17.35418987 29.75044704]
 [15.06665774  4.7134033 ]
 [15.41013928 11.01801967]
 [17.29659937 16.67220617]
 [13.66238857 11.79558473]
 [ 3.26849642 21.2035886 ]
 [17.27505546  7.30222922]
 [22.47813828  0.37277956]
 [22.60085934 21.05357372]]"
4,False,50,5.0,100,13.135183095932007,324370.2220030751,951.6106019542165,"[[2.47992446e+01 1.36032975e+01]
 [1.98239809e+01 2.16213636e+01]
 [2.84320265e+01 1.39615092e+01]
 [2.71966422e+00 1.66773909e+01]
 [1.48833377e+01 2.52381103e+01]
 [2.83838473e+01 6.63847527e+00]
 [2.00746518e+01 1.20588111e+01]
 [2.59787056e+01 7.10822481e+00]
 [1.78669872e+01 4.54197952e+00]
 [1.52372406e+01 2.76826313e+01]
 [7.46962156e+00 1.76697990e+01]
 [1.66579432e+01 2.92508869e+01]
 [2.57391539e+01 2.46491541e+01]
 [9.84486765e+00 1.99522297e+00]
 [1.49862806e+01 2.32191047e+01]
 [2.74312377e+01 6.55218201e-01]
 [2.05042250e+00 2.27996886e+01]
 [2.95134887e+01 2.63943443e+01]
 [2.76321243e+01 1.78259779e+01]
 [5.67708888e+00 2.16448169e+01]
 [2.87289050e+01 2.07731614e+01]
 [1.85896922e+01 2.93143020e+01]
 [5.09833443e+00 2.45285509e+01]
 [4.78171020e+00 1.28150009e+01]
 [4.49633680e+00 1.77148777e+01]
 [1.67582976e+01 2.01891059e+01]
 [7.57467397e+00 2.23698328e+00]
 [2.65828083e+01 1.29521205e+01]
 [6.40062326e+00 2.74293609e+01]
 [7.53954310e+00 1.39638166e+01]
 [8.57900312e+00 8.49411916e+00]
 [2.50956742e+00 2.85064901e+01]
 [2.71887524e+01 2.36530731e+01]
 [5.95619530e+00 1.43399747e+01]
 [8.08727052e+00 1.61836498e+01]
 [2.00322609e+01 7.07345662e+00]
 [6.43241898e+00 2.57950637e+01]
 [7.97933574e+00 1.07288365e+01]
 [1.79122530e+01 6.32734964e+00]
 [2.05854431e+01 1.90420729e+01]
 [2.93475675e+01 8.49014452e+00]
 [3.00000000e+01 1.85221972e+01]
 [9.08980738e+00 1.93765488e+01]
 [2.83507377e+01 2.49866503e+01]
 [1.61403195e+00 1.42273986e+01]
 [2.28752531e+01 2.98231406e+01]
 [6.30246652e+00 2.35269470e+01]
 [2.75586132e+01 9.86093932e+00]
 [1.68826759e+01 2.40310699e+01]
 [2.31665510e+01 2.16662533e+01]
 [1.61054479e+01 1.82643878e+01]
 [1.81379334e+01 2.81620745e+01]
 [1.84146229e+01 8.50736923e+00]
 [1.79053447e+01 1.77036051e+01]
 [2.01001303e+01 3.65282332e+00]
 [8.32761075e+00 2.31868918e+01]
 [3.25966409e+00 6.44136654e+00]
 [1.25704461e+01 2.43187516e+01]
 [1.88904623e+01 2.33693549e+01]
 [2.63016264e+01 1.42542585e+01]
 [2.55370771e+01 1.14875758e+01]
 [2.49979396e+01 2.31218530e+01]
 [1.05391657e+01 1.02220741e-01]
 [2.67854892e+01 4.95668986e+00]
 [2.95542947e+01 2.45584691e+01]
 [2.08442943e+01 2.90332979e+01]
 [2.89044825e+01 2.22358831e+01]
 [8.78290176e+00 2.49626014e+01]
 [2.96485317e+00 1.41964617e+01]
 [9.34559137e+00 1.72068782e+01]
 [1.77514946e+01 2.14266691e+01]
 [1.85462172e+01 2.55085987e+01]
 [4.99044560e+00 7.79288982e+00]
 [4.60642938e+00 2.56360995e+01]
 [1.60411955e+01 2.17461665e+01]
 [8.49454726e+00 2.80360905e-01]
 [1.97241307e+01 2.74163862e+01]
 [1.00933539e+01 1.07751196e+01]
 [4.09273910e+00 2.86816980e+01]
 [6.55424803e+00 1.62611396e+01]
 [2.49324909e+00 2.67106026e+01]
 [0.00000000e+00 1.05956364e+01]
 [1.35154365e+01 2.66658840e+01]
 [2.93160277e+01 1.22773444e+01]
 [1.93954601e+01 5.09632976e+00]
 [1.08158469e+01 9.93944425e+00]
 [1.09849616e+01 1.29892871e+01]
 [2.97122888e+01 2.77079507e-02]
 [1.18800865e+01 1.13745557e+01]
 [2.64046700e+01 2.71327448e+01]
 [3.83928071e+00 1.61894740e+01]
 [1.30461413e+01 2.85935588e+01]
 [8.71115773e+00 1.30724283e+01]
 [1.38415183e+00 2.86753073e-01]
 [1.88270040e+01 2.09163380e+01]
 [2.14923036e+01 2.04007800e+01]
 [1.81546887e+01 2.17172804e+00]
 [2.11992623e+01 5.74247079e+00]
 [3.10234637e+00 1.88352731e+01]
 [1.36507430e+00 2.22796390e+01]
 [6.38775425e+00 9.12105042e+00]
 [2.71072371e+01 8.77112842e+00]]","[[ 3.86705931 30.        ]
 [ 1.09629265 19.94078796]
 [ 1.92175628  9.41805669]
 [ 7.06141727  4.47285131]
 [23.21361668  0.24421059]
 [ 9.25764676 27.42167622]
 [ 6.97796249  6.29422331]
 [ 5.81328564  1.00417394]
 [25.12247214 15.83624312]
 [14.43933652 14.72742765]
 [21.44886551 16.72371614]
 [ 1.74832364 11.880734  ]
 [26.15309743  0.73078259]
 [23.68603532 19.20806067]
 [13.67115924 16.93817575]
 [29.06652286  2.21536004]
 [17.1438444   9.87347052]
 [21.16076266 14.33033799]
 [24.60590872  3.61858245]
 [ 3.52219501 11.3016393 ]
 [ 2.54452711  7.96892706]
 [18.83287524 13.86038734]
 [ 9.59803426 29.26720329]
 [17.79821371 11.97886146]
 [15.92030004  2.5241878 ]
 [22.70438354 28.05104029]
 [23.01285518 24.14071201]
 [22.89723667  4.23612134]
 [12.91260432  6.5917543 ]
 [10.5333133  15.458448  ]
 [13.37903615  2.38838294]
 [10.03153997 21.19450413]
 [10.89180384  4.84897951]
 [26.79997973  3.00877071]
 [24.92633063  4.064234  ]
 [ 2.8604453  20.95654635]
 [21.66090558  9.37365358]
 [22.80006635 12.89073053]
 [ 9.62620298  3.77503707]
 [ 7.60264559 20.99880885]
 [21.96531095 25.87007254]
 [24.35781866 25.97154324]
 [13.87886287  7.93273027]
 [16.14332738  5.34263174]
 [17.19283461  7.91301628]
 [ 1.86206069 24.94734481]
 [11.7706563  21.26510619]
 [20.98619182 24.5273123 ]
 [27.4359724  28.60351733]
 [23.77335967 17.33216328]
 [20.10183278  1.45385355]
 [25.41939246 20.74519544]
 [ 9.13445375  5.86584177]
 [22.05634797  7.9717101 ]
 [12.38729221  1.63362178]
 [27.618536   16.76896747]
 [12.82113066  4.63531954]
 [14.97471418  4.61423696]
 [23.40140621  9.99900579]
 [12.34038284 15.30205046]
 [11.09215294 19.50265777]
 [25.5211042  17.7589973 ]
 [ 3.64518718  1.71932391]
 [ 6.15835575 19.37692321]
 [19.42544204  9.26426502]
 [14.7101623   9.55196456]
 [13.96181297  5.88678691]
 [23.68679124  7.67681125]
 [10.24811006  7.48767605]
 [15.76819691 11.7723276 ]
 [21.9809362   0.        ]
 [11.86590099 17.30365067]
 [ 0.62197157  8.48529146]
 [11.24965003  3.26660549]
 [ 5.43688771 10.61491589]
 [ 0.16514599 23.99569541]
 [ 3.74509841  9.52893185]
 [22.85361686 15.18551872]
 [21.9512096  22.77490018]
 [ 0.3507633  25.92479839]
 [ 3.64466771  3.82186171]
 [25.99004356 29.69010536]
 [19.67051539 15.75941007]
 [17.0429204  16.03659068]
 [ 5.37720146  3.24863115]
 [10.80059387 25.99305617]
 [14.79191498 29.93562946]
 [25.35445808  9.08853659]
 [28.53695873  4.27787625]
 [16.44451757 13.11616531]
 [13.23098519  8.04583491]
 [12.93740893 19.03719288]
 [ 6.65208938 12.3119969 ]
 [ 4.50819431 20.15087883]
 [29.54713811 10.4602771 ]
 [24.96795951 28.16274442]
 [24.24215164  6.18496872]
 [ 5.34939433  5.16216533]
 [16.39225004 26.06665016]
 [22.52045337  2.1728171 ]
 [21.64071619 11.52457109]
 [26.59586731 19.71199999]
 [10.99044938 27.9306826 ]]"
5,False,50,5.0,11,13.135183095932007,335953.667339787,7303.201203023924,"[[24.69938418 13.44645347]
 [20.98953994 22.09292691]
 [30.         13.84872647]
 [ 1.67148021 16.90602528]
 [12.62851807 26.58969931]
 [28.57279441  6.94071147]
 [19.1270621  12.85065471]
 [27.16064341  4.34109462]
 [18.79027149  4.04263431]
 [14.79369978 26.63864628]
 [ 7.55112765 16.99826912]
 [17.17532618 29.90347305]
 [26.53363716 25.95446343]
 [ 7.62522315  1.98820898]
 [14.85616454 25.86450026]
 [26.21044225  0.37849144]
 [ 1.97866158 23.21872665]
 [28.97042551 28.20694045]
 [26.81473162 12.60322595]
 [ 5.18253598 21.97384657]
 [29.85981926 19.27550194]
 [19.31612288 29.76105281]
 [ 5.30003715 23.96755959]
 [ 5.63127357 12.07047071]
 [ 3.21896233 17.53102775]
 [14.68790408 19.99114841]
 [ 5.49357969  2.85334591]
 [27.67410707 18.59755206]
 [ 6.33220854 27.13632725]
 [ 7.54648106 15.7058692 ]
 [ 8.47028611  7.74057775]
 [ 0.         29.61072291]
 [27.78708729 21.12240155]
 [ 4.65834332 14.39286395]
 [ 9.93432956 17.45748867]
 [20.88746121  7.55061019]
 [ 6.93816537 25.21726612]
 [ 7.85615048 12.1069078 ]
 [18.46345244  6.98483967]
 [17.34998257 20.19779213]
 [29.66729752  8.74009845]
 [29.69148372 21.62392701]
 [ 8.56153906 18.99246345]
 [28.25848763 25.61816924]
 [ 0.63371969 14.91254485]
 [24.85472885 30.        ]
 [ 7.21773842 23.02666021]
 [24.65338665 11.39240662]
 [16.80198841 23.60371447]
 [23.97363447 21.91011931]
 [14.39030464 19.12568409]
 [18.48915056 27.34657644]
 [18.49899637  8.56137772]
 [18.87655519 18.5039219 ]
 [19.93263759  1.96471879]
 [ 8.98817476 22.24117642]
 [ 2.80480171  4.89400333]
 [13.9010476  24.94211254]
 [20.27015623 24.10166787]
 [27.9067169  14.14702913]
 [23.96498761 12.14555487]
 [25.3757904  22.61983199]
 [10.58047913  2.28645234]
 [27.81631024  3.99447208]
 [29.68258974 26.20613977]
 [22.43480805 28.7930978 ]
 [29.39982913 22.64197036]
 [ 8.74930796 24.18418093]
 [ 3.68307014 13.00503603]
 [12.76768098 18.61885494]
 [16.99844347 18.71788045]
 [19.32775699 29.64374779]
 [ 4.05501025  8.77198256]
 [ 3.15524303 27.7325022 ]
 [14.38496731 20.32092657]
 [ 8.64183776  1.149493  ]
 [22.13569123 26.59975399]
 [ 9.14894538 10.32399975]
 [ 5.16559409 28.83521003]
 [ 5.47862444 16.22989502]
 [ 1.86053215 28.50140655]
 [ 0.         11.12378771]
 [13.83122813 28.6711753 ]
 [28.61192178 12.26081387]
 [20.16367309  5.83679864]
 [10.90565744  8.13932036]
 [11.92378783 11.6533875 ]
 [30.          0.1924259 ]
 [14.16082219 11.83436554]
 [27.81947269 26.59387802]
 [ 1.63996396 15.70745856]
 [12.57535643 29.89197326]
 [ 9.86197671 12.79175031]
 [ 2.00387617  0.28258336]
 [20.47758712 19.27867615]
 [21.77088961 19.43090006]
 [17.85693094  1.68105193]
 [21.67622422  6.149394  ]
 [ 2.12954175 19.57646514]
 [ 0.31593831 22.5458554 ]
 [ 6.30925096  8.32477108]
 [26.73150566  9.50836968]]","[[3.15468155e+00 2.98320114e+01]
 [0.00000000e+00 1.79933615e+01]
 [1.91451384e+00 1.00002446e+01]
 [6.02270293e+00 5.07563165e+00]
 [2.33106838e+01 1.58491299e-01]
 [9.14938094e+00 2.77351932e+01]
 [5.00906427e+00 6.58910950e+00]
 [6.24583396e+00 2.26439196e-01]
 [2.64898495e+01 1.54072612e+01]
 [1.63490185e+01 1.66579777e+01]
 [2.16473997e+01 1.67153982e+01]
 [2.43774633e-01 1.32468896e+01]
 [2.68244160e+01 2.49333860e+00]
 [2.57971607e+01 2.20126623e+01]
 [1.44863293e+01 1.63443500e+01]
 [3.00000000e+01 2.93820414e+00]
 [1.74033953e+01 9.17317780e+00]
 [2.05637951e+01 1.53261409e+01]
 [2.40914050e+01 1.59013015e+00]
 [1.65064454e+00 1.21038084e+01]
 [1.49571329e+00 7.69021246e+00]
 [1.82465114e+01 1.41831941e+01]
 [9.65498628e+00 2.97985682e+01]
 [1.71087503e+01 1.06257278e+01]
 [1.62021379e+01 2.39973219e-02]
 [2.02213554e+01 2.71379042e+01]
 [2.21326458e+01 2.50984820e+01]
 [2.34377491e+01 5.28590523e+00]
 [1.21615127e+01 6.46498791e+00]
 [9.60764034e+00 1.54211961e+01]
 [1.27995079e+01 1.83856904e-01]
 [1.01390148e+01 1.96603721e+01]
 [1.24944604e+01 4.83874437e+00]
 [2.89007563e+01 1.14352759e+00]
 [2.51477254e+01 3.40850027e+00]
 [3.10379039e+00 2.15940614e+01]
 [2.07888693e+01 8.97351031e+00]
 [2.25050180e+01 1.54930866e+01]
 [8.64049106e+00 4.54866439e+00]
 [7.34975276e+00 2.05648211e+01]
 [2.39198173e+01 2.45171530e+01]
 [2.23209310e+01 2.63086878e+01]
 [1.33935844e+01 8.27178889e+00]
 [1.69425991e+01 5.03922290e+00]
 [1.55302371e+01 8.31030888e+00]
 [3.19971390e+00 2.48346282e+01]
 [1.21501997e+01 2.28585237e+01]
 [2.10761950e+01 2.25150164e+01]
 [3.00000000e+01 3.00000000e+01]
 [2.35247404e+01 1.78747971e+01]
 [1.92829431e+01 0.00000000e+00]
 [2.75728353e+01 2.27610349e+01]
 [8.29132170e+00 6.04672205e+00]
 [2.30060104e+01 7.45801809e+00]
 [1.07712574e+01 0.00000000e+00]
 [2.88271476e+01 1.67950744e+01]
 [1.38728691e+01 3.65306374e+00]
 [1.56389390e+01 4.05404197e+00]
 [2.43210769e+01 1.07440462e+01]
 [1.23343535e+01 1.39141322e+01]
 [1.16151593e+01 2.15083966e+01]
 [2.56787251e+01 1.83076691e+01]
 [4.33237403e+00 6.73586664e-02]
 [6.07027739e+00 1.88646856e+01]
 [2.01914799e+01 1.16188953e+01]
 [1.39163585e+01 1.14395453e+01]
 [1.42810499e+01 5.61555892e+00]
 [2.45998753e+01 8.39052076e+00]
 [1.01830930e+01 6.80947347e+00]
 [1.56010231e+01 1.06293053e+01]
 [2.05818992e+01 2.62064438e-01]
 [1.18177922e+01 1.54796702e+01]
 [2.19896131e-01 8.91718041e+00]
 [1.05396505e+01 4.34010584e+00]
 [6.96384270e+00 1.02383852e+01]
 [2.05986624e-01 2.46713237e+01]
 [3.70936324e+00 1.08380353e+01]
 [2.43066840e+01 1.70939623e+01]
 [2.26571288e+01 2.11757435e+01]
 [8.25395977e-01 2.64977028e+01]
 [5.03071529e-01 1.81411658e+00]
 [2.99551128e+01 3.00000000e+01]
 [1.91118883e+01 1.63430985e+01]
 [1.80197313e+01 1.54522930e+01]
 [2.63956273e+00 2.81686208e+00]
 [1.03831309e+01 2.62119719e+01]
 [1.45965259e+01 2.98450223e+01]
 [2.62086492e+01 1.03076262e+01]
 [2.99622857e+01 5.05059290e+00]
 [1.53063586e+01 1.34838304e+01]
 [1.22396121e+01 9.85213943e+00]
 [1.38241491e+01 1.88741244e+01]
 [6.78564232e+00 1.36712470e+01]
 [4.31588247e+00 1.96765476e+01]
 [2.82734608e+01 1.03841546e+01]
 [2.34780923e+01 2.83605453e+01]
 [2.55740139e+01 5.23042283e+00]
 [4.55419221e+00 4.51001488e+00]
 [1.68010771e+01 2.73328422e+01]
 [2.25177632e+01 2.88673904e+00]
 [2.08978447e+01 1.19231854e+01]
 [2.83080835e+01 2.00071006e+01]
 [1.08844632e+01 2.81687653e+01]]"
6,False,50,10.0,100,12.837105989456177,340165.25335635577,2795.897728084564,"[[11.88787657 19.17912784]
 [20.05759189 27.80120001]
 [18.17569715  4.06921314]
 [ 2.73551801 13.21857186]
 [ 1.2972652   7.02352273]
 [ 2.62600075 15.40619885]
 [ 5.93855936  8.13648972]
 [ 0.1254366  25.84643271]
 [ 1.90824318 25.76805645]
 [20.18433508 15.30652077]
 [20.5183378  19.74427604]
 [18.56935698 13.56642712]
 [26.54224943 14.18601866]
 [28.44604301 18.13035693]
 [ 0.59915151 13.19306877]
 [ 9.40220614  6.46199355]
 [ 1.00328753 23.89091955]
 [11.8412205  21.82166197]
 [20.90536981  6.2668431 ]
 [ 0.45644638 11.36720722]
 [ 0.29738228 15.27720784]
 [ 2.91477667  7.62308227]
 [13.13249565 12.91387702]
 [10.59145762 24.54633532]
 [17.99912785 21.60052759]
 [ 5.47571826  0.04916679]
 [20.01993013  9.37386083]
 [24.1547602  22.56375901]
 [26.71076876 26.50863795]
 [16.71878977 14.29120713]
 [ 7.03472232  6.21244141]
 [29.67166335 23.71534752]
 [11.43801575 17.19329955]
 [29.28281707  7.67679226]
 [ 9.57082163 21.79290094]
 [25.60776865 24.47114085]
 [21.19218776 19.40132156]
 [16.81428106 18.11379534]
 [28.06341396 13.38019125]
 [ 8.16113149 13.37256729]
 [ 7.23927475  1.29991614]
 [22.06821149 10.77868271]
 [ 1.83739424  3.72655102]
 [ 0.88398343 27.5428344 ]
 [ 7.25801154 23.26564375]
 [28.61841167 29.50678921]
 [ 4.08477079  8.43269321]
 [22.12719149  2.16739869]
 [ 3.98589578  4.02079681]
 [26.82201739 28.9593271 ]
 [26.44438713  5.22199942]
 [13.32378476 17.42431582]
 [20.04883589  8.45377551]
 [12.88016694  4.02219839]
 [26.17915316 10.55398298]
 [12.73172499 11.28370083]
 [21.10881799  3.62451019]
 [24.00721519 10.22760429]
 [28.43469358 27.00340091]
 [18.41246423  4.51171315]
 [15.20255801 13.985868  ]
 [29.59220051 26.46937448]
 [24.59915445  3.83034687]
 [ 8.41230476 25.24593569]
 [25.67685967 12.2894918 ]
 [ 2.46643578 24.09029475]
 [24.00445596  7.86402687]
 [17.8759583   2.80602373]
 [25.24389421  2.62568248]
 [18.65488761 30.        ]
 [ 4.77758749 17.60644276]
 [ 9.15862976  0.72245267]
 [ 9.52934876  8.43422315]
 [ 4.98715514 27.68681643]
 [15.39032494  1.1113918 ]
 [27.58894941 24.97387153]
 [23.54341754 18.20827032]
 [ 7.98124346  4.76775191]
 [29.68473871 20.22270442]
 [ 9.439288   23.39924154]
 [16.95963837  0.52880077]
 [ 1.65670279 12.36637598]
 [29.74773053 21.75004602]
 [27.89149035 11.68149139]
 [ 0.6742512   8.71650212]
 [11.53017968  9.60444303]
 [14.86295301 16.05958395]
 [13.62656127  9.10097159]
 [27.5829082  22.39466338]
 [ 0.81034284 17.19106762]
 [ 3.00772092  3.89735556]
 [22.40022816  7.98292581]
 [ 5.34584014  5.85543823]
 [22.85262211  3.37587963]
 [27.49198168  6.93789511]
 [ 8.06138593  8.78628319]
 [22.70807615 21.07243765]
 [15.88073507  9.71599339]
 [21.3684256  30.        ]
 [ 8.26731404  2.40599508]
 [22.99580515  5.61637477]
 [20.07475586 22.2221916 ]]","[[2.14469923e+01 2.27983517e+01]
 [2.84817028e+00 1.77009205e+00]
 [9.79443192e+00 2.67748361e+01]
 [4.56640146e+00 2.11886626e+01]
 [1.50288243e+01 1.14360915e+01]
 [1.70425955e+01 2.60687812e+01]
 [4.28494162e-01 2.10590332e+01]
 [1.63158685e+01 5.27230826e+00]
 [8.89127334e-01 2.73796007e+00]
 [1.12096866e+00 2.93737116e+01]
 [1.07832873e+01 2.89766091e+01]
 [1.26488731e+01 1.54769430e+01]
 [2.54823090e+01 6.72644607e+00]
 [3.07335015e+00 1.70029514e+01]
 [2.78632310e+01 9.03474439e+00]
 [4.05883215e+00 1.19734735e+01]
 [2.78394485e+01 2.07720234e+01]
 [2.96486757e+01 1.25388730e+01]
 [2.97833778e+01 1.49153891e+01]
 [1.30730400e+01 2.88537431e+01]
 [1.51114570e+01 2.25012553e+01]
 [2.30544414e+01 0.00000000e+00]
 [2.37313786e+01 3.00000000e+01]
 [2.28901886e+01 1.30473328e+01]
 [4.92216613e+00 2.38748869e+01]
 [3.96570866e+00 1.95377847e+01]
 [1.68308625e+01 1.99040742e+01]
 [1.09517164e+01 4.16811308e+00]
 [2.59259245e+01 8.75237270e+00]
 [2.86485061e+01 2.97217368e+00]
 [3.00000000e+01 2.80857802e+01]
 [1.00434035e+01 1.59726554e+01]
 [4.84262072e+00 2.91896514e+01]
 [2.35457370e+01 2.42857175e+01]
 [2.61404606e+00 2.27447437e+01]
 [2.48261630e+01 0.00000000e+00]
 [4.19424387e+00 2.60223453e+01]
 [1.28003256e+01 5.91274889e+00]
 [1.89995803e+01 1.62405361e+01]
 [1.89522068e+01 2.54183110e+01]
 [6.34069153e+00 1.43773759e+01]
 [1.47008683e+01 6.90510424e+00]
 [8.54773320e+00 2.85210554e+01]
 [1.13765339e+01 5.08264591e-01]
 [1.66063536e+01 7.63275408e+00]
 [4.66731364e+00 1.53035377e+01]
 [5.17833855e+00 1.00925276e+01]
 [1.85755368e+01 2.58656747e+01]
 [5.73994925e+00 2.53782244e+01]
 [1.09025897e+01 2.21516067e+00]
 [2.61241490e+01 1.66549067e+01]
 [2.93686391e+01 1.02807033e+01]
 [1.96331304e+00 1.99394756e+01]
 [2.39644005e+01 1.45318758e+01]
 [1.83616978e+01 9.33740338e+00]
 [1.42427344e+01 2.64020263e+01]
 [2.33187847e+01 1.67921798e+01]
 [2.59691500e+01 2.04846762e+01]
 [2.03205542e+01 2.75661680e+01]
 [3.51514612e-01 4.46868869e+00]
 [2.44917320e+00 3.00000000e+01]
 [5.84913075e+00 2.17762361e+01]
 [1.63820462e+01 2.65708350e+01]
 [1.00325103e+01 1.89452153e+01]
 [1.05354927e+01 1.23680006e+01]
 [2.80549332e+01 1.60398714e+01]
 [1.34840769e+01 2.22231861e+01]
 [2.74403729e+01 2.46360422e+00]
 [2.65322796e+01 1.91030046e+01]
 [1.45610764e+01 2.50257649e+01]
 [7.03744023e+00 2.88351938e+01]
 [2.50916476e+01 1.78765446e+01]
 [2.91777197e+00 2.78451702e+01]
 [1.21373191e+01 2.68628137e+01]
 [4.68324386e+00 1.51604293e+00]
 [6.46985595e+00 3.96915543e+00]
 [8.39049021e+00 1.52047786e+01]
 [1.34252954e+01 2.37453151e+01]
 [2.50975227e+01 2.62983178e+01]
 [7.59513008e-01 1.89686416e+01]
 [1.50342226e+01 3.53695833e+00]
 [7.41394457e+00 2.71411226e+01]
 [1.26990610e+01 2.02604975e+00]
 [2.68633163e+01 1.00486556e+00]
 [2.48533696e+01 2.03568598e+01]
 [2.12156967e+01 2.25016963e+01]
 [1.66758381e+01 2.87035221e+01]
 [3.43562866e-01 5.72242605e-01]
 [1.73090738e+01 2.19829431e+01]
 [2.22365735e+01 2.80918514e+01]
 [1.43280150e+01 2.01079924e+01]
 [1.88371014e+01 2.39305335e+01]
 [1.49886439e+01 2.84241782e+01]
 [1.25255583e+01 2.57933302e+01]
 [2.07498700e+01 1.24104813e+01]
 [2.23237142e+00 1.81038218e-02]
 [1.95631339e+01 1.09018984e+01]
 [6.86312487e+00 2.10953986e+01]
 [6.98804965e+00 1.71754824e+01]
 [2.45873565e+01 2.83430897e+01]
 [2.87032903e+01 1.25112384e+00]
 [6.23134316e+00 1.27249175e+01]
 [1.67423956e+01 1.25214563e+01]]"
7,False,50,10.0,11,12.837105989456177,329120.0181583694,2050.6617893371063,"[[14.45756165 16.48797293]
 [21.2558444  27.09086403]
 [19.09962903  6.70740617]
 [ 2.47908298 14.1597509 ]
 [ 9.8586858   9.30854262]
 [ 3.40605892 15.9733884 ]
 [ 7.88391771 12.71995984]
 [ 0.37640214 23.24196939]
 [ 1.65023814 30.        ]
 [24.44870837 17.01950598]
 [19.03729165 15.30614047]
 [19.19494243 22.84028974]
 [20.29011762 13.47785354]
 [27.73429663 17.61857028]
 [ 6.16466734 13.49082566]
 [ 4.29993724  2.32865181]
 [ 2.51492576 28.13193568]
 [14.05175033 23.42360716]
 [16.51532478  8.9743221 ]
 [ 2.56432739  8.5995781 ]
 [ 8.74423861 15.05978351]
 [ 4.55111718 12.6291432 ]
 [ 9.49701201 10.15883613]
 [17.23767248 23.59289657]
 [21.5260792  20.031677  ]
 [ 2.91313549  2.17977363]
 [18.36190887  7.63260347]
 [26.73140043 23.81313854]
 [27.68689408 27.10782884]
 [16.87531517 17.33746179]
 [ 4.7745681   7.98333531]
 [30.         23.05500333]
 [12.71129481 18.25460943]
 [30.          7.44036635]
 [11.9878223  23.29828549]
 [25.5266951  24.58699409]
 [22.49408056 20.68126792]
 [16.11507369 18.10925075]
 [22.23326449 12.7700964 ]
 [11.87385412  8.7854584 ]
 [ 5.07994859  6.92895245]
 [28.27851049 13.86072751]
 [ 2.93377345  3.62253123]
 [ 0.68329615 25.43221876]
 [ 4.70611642 23.63719037]
 [26.63884752 28.52383384]
 [ 0.          9.9391862 ]
 [21.15193317  4.15578468]
 [10.98066345  4.25808252]
 [24.90485201 25.97278445]
 [27.86811147  3.70400003]
 [13.30273583 15.35760622]
 [22.31105077  7.87854289]
 [ 9.74329643  5.76124869]
 [28.06071669 10.50259967]
 [11.3870572   6.31112594]
 [21.43874993 10.79421915]
 [23.12621667 10.14555244]
 [28.8164263  30.        ]
 [16.87735009  5.67793452]
 [12.6721045  13.56158115]
 [29.85318859 27.1851421 ]
 [23.40914119  3.05675282]
 [ 7.90768198 23.07141889]
 [26.84581051 15.70998886]
 [ 6.79936241 25.23612692]
 [24.93803405  9.6471722 ]
 [19.21321645  3.43569911]
 [25.41717816  3.50356501]
 [17.58468913 27.95003272]
 [ 4.0386584  14.4918646 ]
 [10.51532473  0.        ]
 [ 0.22788083 12.41010378]
 [ 5.72838881 27.84530286]
 [15.40796071  0.23203843]
 [28.98522845 24.89830283]
 [21.48903609 22.70927229]
 [10.11279351  7.16106968]
 [29.85411583 18.16647177]
 [ 5.08939107 20.57734209]
 [12.78849471  0.3661108 ]
 [ 1.01162454  8.23959122]
 [30.         21.14168944]
 [29.02834851  8.70124255]
 [ 2.1150632   9.92175891]
 [ 8.25329365  4.26298577]
 [ 7.32550723 17.62444048]
 [13.03545793  4.43168003]
 [25.66698526 19.36210409]
 [ 0.67467974 13.96382708]
 [ 4.1616947   4.16158623]
 [18.24980481 13.27911536]
 [ 5.79983125  9.49776175]
 [19.93848959  2.15607853]
 [28.15458668  1.60871121]
 [ 9.67365369 12.92805328]
 [18.62726365 16.97729609]
 [14.62660111 10.38950131]
 [19.59806636 28.38253123]
 [ 7.40502456  0.61412512]
 [20.10296406  9.04906799]
 [21.34410909 17.03285679]]","[[20.99684567 26.48822655]
 [ 5.11027473  0.        ]
 [13.44465424 26.68786227]
 [ 4.05599263 22.13391693]
 [17.14206967 19.60381069]
 [15.88256175 23.4983686 ]
 [ 0.37287489 20.67652709]
 [14.45657932  8.25674267]
 [ 0.96329871  5.67402509]
 [ 0.         27.50615482]
 [13.09482332 28.88393348]
 [16.07194452  7.00908082]
 [23.23255078  5.88764767]
 [ 6.31419133 20.9327028 ]
 [24.7819554   7.02094581]
 [ 2.44754143 12.12844642]
 [26.29188708 21.98356697]
 [29.90536869 12.80721695]
 [30.         16.39636376]
 [15.45102014 29.01999605]
 [14.68856377 24.9701719 ]
 [21.36187681  1.05815883]
 [19.67335333 24.13445002]
 [17.29144274 10.76634618]
 [ 2.25055435 19.62015702]
 [ 9.56508057 20.21405089]
 [11.89498141 21.52060995]
 [11.07750017  2.0310356 ]
 [25.8507781   8.55851308]
 [29.16336797  5.35143362]
 [30.         29.29360551]
 [ 2.65928445 17.60498241]
 [ 7.39102319 27.07969722]
 [22.73752771 27.74558052]
 [ 3.95955872 18.76776278]
 [23.58899333  0.99864983]
 [ 4.92110009 26.13105753]
 [13.52737644 10.56682391]
 [20.72298422 16.03745184]
 [19.11106761 23.28690452]
 [10.586298   18.6516898 ]
 [18.40838184 11.87491345]
 [ 7.26719447 30.        ]
 [ 8.5348715   1.88343573]
 [16.41322012 12.49337331]
 [12.13671633 16.74935961]
 [ 7.43072729 10.37369943]
 [16.32852594 28.21572815]
 [ 7.95466132 26.73672196]
 [15.61196318  3.40247143]
 [28.33706936 16.14940078]
 [29.63650627 10.45514263]
 [ 2.02500927 21.13557713]
 [25.6455833  13.63674387]
 [14.99052383  5.25554424]
 [16.75093818 26.9814925 ]
 [23.028591   18.99923607]
 [27.90281402 22.9134099 ]
 [20.31157077 23.53354053]
 [ 2.37578052  6.09061826]
 [ 3.71595515 24.58019938]
 [ 0.29654609 18.28942353]
 [13.87161473 26.67858452]
 [13.18313399 20.04404023]
 [ 3.35292722 11.02642735]
 [27.76675094 19.84632156]
 [17.13342176 19.86016647]
 [25.77673326  1.08033524]
 [25.90659796 17.31223431]
 [11.49424225 25.33412263]
 [10.77786761 27.59734594]
 [24.63372442 15.22237395]
 [ 5.08319672 30.        ]
 [ 8.58641928 24.8549906 ]
 [ 0.37486107  4.09496511]
 [ 6.6133735   2.7110173 ]
 [ 8.25508449 19.32273079]
 [11.01665542 26.95249103]
 [24.7086399  24.14650719]
 [ 5.6322506  16.85968632]
 [17.25513147  3.76082225]
 [ 9.65756507 19.55269677]
 [13.90884286  1.66952376]
 [27.15400089  7.03862951]
 [20.01117935 18.24332234]
 [15.91210774 21.45347746]
 [17.33927068 29.94258599]
 [ 0.95812696  1.7295107 ]
 [14.4310708  19.26313796]
 [21.76647635 29.67909596]
 [11.2887221  17.47515658]
 [20.33583832 22.06497659]
 [10.31260936 29.66474539]
 [ 9.76931402 23.26202243]
 [19.73543508 10.24002932]
 [ 2.85890066  0.29308437]
 [17.26449881 12.66750104]
 [ 5.7426993  20.43126841]
 [ 7.426869   23.17828143]
 [22.08176765 23.05948652]
 [30.          3.88922771]
 [ 8.41372959 16.02892548]
 [10.9188774  11.95709643]]"
